row_num,review_id,id,contract,clause_type,clause_text,category,disagreement_type,disagreement_direction,label_gap,clause_risk_profile,typical_risk_for_type,qwen_label,gemini_label,copilot_label,qwen_confidence,gemini_confidence,qwen_reason,gemini_reason,final_label,reviewer,notes
5031,MR-004,ACCURAYINC_09_01_2010-EX-10.31-DISTRIBUTOR AGREEMENT__Anti-Assignment,ACCURAYINC_09_01_2010-EX-10.31-DISTRIBUTOR AGREEMENT,Anti-Assignment,"Alliance Agreement upon such Change in Control; provided, further, that Siemens may assign its rights and obligations under this  Agreement to any Distributor that agrees, in writing, to be bound by and comply with the terms and conditions of this Agreement  and the provisions of the Strategic Alliance Agreement, provided, that no such assignment shall relieve Siemens of its obligations  hereunder or thereunder if such Distributor does not perform such obligations.",MANUAL_REVIEW,LOW↔HIGH,Qwen↑,2,typically MEDIUM — asymmetry determines risk,MEDIUM (52%),HIGH,LOW,Medium,0.9,1,"The clause grants the drafter (Siemens) a unilateral right to assign the contract to a third party without requiring the signing party's consent, which creates significant uncertainty regarding the counterparty's relationship with a new, potentially unknown entity. Although Siemens retains liability, the signing party loses control over who they are contracting with, which is a heavily one-sided term favoring the drafter's flexibility.","From the perspective of the counterparty to Siemens, this clause is favorable. Siemens can assign to a distributor, but critically, Siemens remains liable for the obligations if the distributor fails to perform. This provides a strong protection for the signing party, ensuring that Siemens cannot simply offload its responsibilities without retaining accountability.",MEDIUM,Vishal,Can be reviewed by party. Normally with penalty given it should be choice for simens to assign work to any party
5032,MR-005,"ADUROBIOTECH,INC_06_02_2020-EX-10.7-CONSULTING AGREEMENT(1)__Anti-Assignment","ADUROBIOTECH,INC_06_02_2020-EX-10.7-CONSULTING AGREEMENT(1)",Anti-Assignment,This Agreement shall not be assignable by Consultant.,MANUAL_REVIEW,LOW↔HIGH,Qwen↑,2,typically MEDIUM — asymmetry determines risk,MEDIUM (52%),HIGH,LOW,Medium,0.95,1,"The clause imposes a unilateral restriction on the Consultant (the drafter) while remaining silent on the signing party's (Customer's) right to assign. This creates a significant imbalance, preventing the Customer from transferring the contract to a successor or affiliate without explicit negotiation, while the Consultant retains full control over their own assignment rights.","From the perspective of the counterparty (the party signing the contract, not the Consultant), this clause restricts only the Consultant's ability to assign the agreement. This is favorable to the signing party as it ensures the Consultant remains the service provider and cannot transfer their obligations without the signing party's implicit agreement (as the signing party is not restricted from assigning).",LOW,Vishal,Agree with Gemini reasoning
5033,MR-006,"ASHWORTHINC_01_29_1999-EX-10.(D)-PROMOTION AGREEMENT AND NANTZ COMMUNICATIONS, INC.__Anti-Assignment","ASHWORTHINC_01_29_1999-EX-10.(D)-PROMOTION AGREEMENT AND NANTZ COMMUNICATIONS, INC.",Anti-Assignment,"Accordingly, except as otherwise expressly provided below, neither Nantz Communications nor Nantz shall assign any of their respective rights or delegate any of their respective duties or obligations under this Agreement without the written consent of the Company.",MANUAL_REVIEW,LOW↔HIGH,Qwen↑,2,typically MEDIUM — asymmetry determines risk,MEDIUM (52%),HIGH,LOW,Medium,0.9,1,"The clause imposes a unilateral restriction on the drafter (Nantz) requiring the Company's written consent for assignment, while the signing party (the Company) is not explicitly bound by the same restriction. This creates a significant imbalance, allowing the Company to assign its rights freely while potentially leaving it locked into a relationship with an unwanted assignee of Nantz if consent is withheld or if the clause is interpreted to prevent the Company from transferring its own obligations or rights without similar constraints.","This clause restricts assignment by Nantz Communications and Nantz, the counterparty to the Company. From the Company's perspective (the signing party in this context), this is favorable as it ensures the Company retains control over who performs the contract and to whom Nantz's rights are transferred, without needing to provide its own consent for assignment. It protects the Company's interest in maintaining the specific relationship.",LOW,Vishal,Agree with Gemini reasoning
5034,MR-007,"Antares Pharma, Inc. - Manufacturing Agreement__Anti-Assignment","Antares Pharma, Inc. - Manufacturing Agreement",Anti-Assignment,Any purported assignment in violation of this paragraph shall be void and ineffectual and shall not operate to transfer or assign any interest or title to the purported assignee.,MANUAL_REVIEW,LOW↔HIGH,Gemini↑,2,typically MEDIUM — asymmetry determines risk,MEDIUM (52%),LOW,HIGH,Medium,0.9,0.9,"This clause establishes a standard legal consequence for unauthorized assignment by declaring it void, which protects the signing party from being bound to an unwanted third party without their consent. It does not explicitly restrict the signing party's right to assign, only penalizing violations, making it a standard protective provision.","This clause makes any assignment in violation of an unstated 'paragraph' (presumably an anti-assignment provision) void and ineffectual. This is highly restrictive for the signing party as it means an attempted assignment would be legally invalid, rather than just a breach of contract. This significantly limits the signing party's flexibility for corporate restructuring, mergers, or acquisitions, as it could invalidate the transfer of the contract itself.",LOW,Vishal,Agree to qwen logic
5035,MR-008,"BELLICUMPHARMACEUTICALS,INC_05_07_2019-EX-10.1-Supply Agreement__Anti-Assignment","BELLICUMPHARMACEUTICALS,INC_05_07_2019-EX-10.1-Supply Agreement",Anti-Assignment,"Except as expressly provided in this Agreement, Bellicum specifically agrees not to, and agrees not to cause any Third Party to, sell, market, export, transfer, or re-export Miltenyi Products without Miltenyi's express prior written consent.",MANUAL_REVIEW,LOW↔HIGH,Qwen↑,2,typically MEDIUM — asymmetry determines risk,MEDIUM (52%),HIGH,LOW,Medium,0.95,0.9,"The clause imposes a unilateral restriction on the signing party (Bellicum) prohibiting core commercial activities like selling and marketing without the drafter's consent, rather than addressing the assignment of the contract itself. This creates significant operational risk by granting the drafter absolute discretion to block the signing party's ability to conduct business or transfer assets, which is disproportionate to a standard anti-assignment provision.","This clause is not an anti-assignment clause. It is a restriction on the sale, marketing, export, transfer, or re-export of Miltenyi Products by Bellicum. From Bellicum's perspective, this is a standard restriction on the use and distribution of a counterparty's products, requiring consent for specific actions. It does not restrict the assignment of the agreement itself.",MEDIUM,Vishal,Agree to Gemini reasoning
5036,MR-009,BUFFALOWILDWINGSINC_06_05_1998-EX-10.3-FRANCHISE AGREEMENT__Anti-Assignment,BUFFALOWILDWINGSINC_06_05_1998-EX-10.3-FRANCHISE AGREEMENT,Anti-Assignment,"This guaranty is personal to you and the obligations and duties imposed in it may not be delegated or assigned; provided, this guaranty shall be binding upon your successors, assigns, estates and personal representatives.",MANUAL_REVIEW,LOW↔HIGH,Gemini↑,2,typically MEDIUM — asymmetry determines risk,MEDIUM (52%),LOW,HIGH,Medium,0.95,0.9,"This is a standard anti-assignment clause that restricts the signing party (the guarantor) from transferring their obligations, which is typical for personal guaranties to ensure the guarantor remains liable. It does not restrict the signing party's ability to assign rights or benefits, nor does it impose unusual liabilities.","The clause explicitly states that the signing party (the guarantor) cannot delegate or assign their obligations, making the guaranty personal. This severely restricts the signing party's flexibility to transfer their obligations, which is a significant risk, especially in a guaranty context where the ability to offload liability might be desired. While the clause states it binds successors, this does not mitigate the inability to assign by the signing party.",LOW,Vishal,Agree to Gemini reasoning
5037,MR-010,DeltathreeInc_19991102_S-1A_EX-10.19_6227850_EX-10.19_Co-Branding Agreement_ Service Agreement__Anti-Assignment,DeltathreeInc_19991102_S-1A_EX-10.19_6227850_EX-10.19_Co-Branding Agreement_ Service Agreement,Anti-Assignment,"Except as provided in the preceding sentence, this Agreement may not be assigned by PrimeCall without the prior written consent of DeltaThree.",MANUAL_REVIEW,LOW↔HIGH,Qwen↑,2,typically MEDIUM — asymmetry determines risk,MEDIUM (52%),HIGH,LOW,Medium,0.95,1,"The clause imposes a unilateral restriction on assignment that applies only to PrimeCall (the signing party), while granting DeltaThree (the drafter) sole discretion to withhold consent. This creates a significant risk by preventing the signing party from transferring the contract or its benefits to a third party without the drafter's approval, effectively locking the signing party into the relationship and limiting their operational flexibility.","The clause restricts assignment by PrimeCall, the counterparty, requiring DeltaThree's (the signing party's) consent. This is favorable to DeltaThree as it gives them control over who PrimeCall can assign the contract to, protecting DeltaThree's interests.",LOW,Vishal,Agree to Gemini reasoning
5038,MR-011,DigitalCinemaDestinationsCorp_20111220_S-1_EX-10.10_7346719_EX-10.10_Affiliate Agreement__Anti-Assignment,DigitalCinemaDestinationsCorp_20111220_S-1_EX-10.10_7346719_EX-10.10_Affiliate Agreement,Anti-Assignment,Any attempted  assignment in violation of this section shall be void.,MANUAL_REVIEW,LOW↔HIGH,Gemini↑,2,typically MEDIUM — asymmetry determines risk,MEDIUM (52%),LOW,HIGH,Medium,0.95,0.9,"This is a standard anti-assignment consequence clause that merely defines the legal effect of a prohibited assignment (voidness) without imposing additional restrictions, penalties, or one-sided obligations on the signing party.","This clause makes any assignment in violation of the (unspecified) anti-assignment terms void, which is a severe consequence for the signing party. It implies that if the signing party assigns the contract without meeting certain conditions (which are not provided in this fragment), the assignment would be legally ineffective, potentially disrupting business operations or M&A activities. Without knowing the conditions for assignment, this 'void' language presents a significant, undefined risk.",LOW,Vishal,Qwen login seems fine here 
5039,MR-012,EdietsComInc_20001030_10QSB_EX-10.4_2606646_EX-10.4_Co-Branding Agreement__Anti-Assignment,EdietsComInc_20001030_10QSB_EX-10.4_2606646_EX-10.4_Co-Branding Agreement,Anti-Assignment,"controlled by, under common control with, or controls a party.",MANUAL_REVIEW,LOW↔HIGH,Qwen↑,2,typically MEDIUM — asymmetry determines risk,MEDIUM (52%),HIGH,LOW,Medium,0.4,0.8,"The text is a fragment lacking the operative prohibition or consent mechanism, creating significant ambiguity about whether assignment to affiliates is permitted or restricted, which could inadvertently block necessary corporate restructuring or affiliate transfers.","This fragment likely describes an exception to an anti-assignment clause, permitting assignment to affiliates (entities under common control) without consent. This is a standard and favorable carve-out for the signing party, allowing for internal corporate restructuring without needing counterparty approval.",LOW,Vishal,Not enough info but given gemini score LOW seems reasonable
5040,MR-013,GarrettMotionInc_20181001_8-K_EX-2.4_11364532_EX-2.4_Intellectual Property Agreement__Anti-Assignment,GarrettMotionInc_20181001_8-K_EX-2.4_11364532_EX-2.4_Intellectual Property Agreement,Anti-Assignment,"in, or the assets of, any member of the SpinCo Group in a single transaction or a series of related transactions to one or more third parties, (y) any direct or indirect acquisition, consolidation or merger of any member of the SpinCo Group by, with or into any third party or (z) any spin-off, public offering or other corporate reorganization or single transaction or series of related transactions in which direct or indirect control of any member of the SpinCo Group is transferred to one or more third parties, including by transferring an excess of fifty percent (50%) of such member of the SpinCo Group's voting power, shares or equity, through a merger, consolidation, tender offer or similar transaction to one or more third parties",MANUAL_REVIEW,LOW↔HIGH,Qwen↑,2,typically MEDIUM — asymmetry determines risk,MEDIUM (52%),HIGH,LOW,Medium,0.9,0.9,"The clause defines a 'Change of Control' event broadly to include any acquisition or merger of the SpinCo Group (the signing party) by a third party, which likely triggers termination or adverse consequences for the signing party without their consent, creating significant uncertainty and potential loss of the contract upon a standard corporate transaction.","This clause describes events that constitute a change of control or asset transfer for the 'SpinCo Group' (the drafter's side), not the signing party. It does not impose any restrictions or requirements on the signing party regarding assignment, consent, or notice. Therefore, from the signing party's perspective, there is no direct risk related to anti-assignment.",MEDIUM,Vishal,Not sure from the reasoning. Assigned Medium.
5041,MR-014,KALLOINC_11_03_2011-EX-10.1-STRATEGIC ALLIANCE AGREEMENT__Anti-Assignment,KALLOINC_11_03_2011-EX-10.1-STRATEGIC ALLIANCE AGREEMENT,Anti-Assignment,This Agreement is not assignable by Agent without prior written consent by Kallo.,MANUAL_REVIEW,LOW↔HIGH,Qwen↑,2,typically MEDIUM — asymmetry determines risk,MEDIUM (52%),HIGH,LOW,,0.95,1,"The clause imposes a unilateral restriction on the signing party (Agent) requiring specific written consent from the drafter (Kallo) for assignment, while granting no reciprocal right to Kallo. This creates a significant risk by giving the drafter absolute discretion to block any transfer of the contract, potentially trapping the signing party in the agreement or preventing necessary corporate restructuring or asset sales.","From the perspective of Kallo (the counterparty to the Agent), this clause is favorable as it restricts the Agent's ability to assign the agreement without Kallo's explicit consent, giving Kallo control over who they contract with.",LOW,Vishal,same as above. Gemini logic is correct
5042,MR-015,NEOMEDIATECHNOLOGIESINC_12_15_2005-EX-16.1-DISTRIBUTOR AGREEMENT__Anti-Assignment,NEOMEDIATECHNOLOGIESINC_12_15_2005-EX-16.1-DISTRIBUTOR AGREEMENT,Anti-Assignment,.,MANUAL_REVIEW,LOW↔HIGH,Gemini↑,2,typically MEDIUM — asymmetry determines risk,MEDIUM (52%),LOW,HIGH,Medium,0.9,0.5,"The clause text is empty, preventing assessment of assignment restrictions; absence of text implies no restriction exists, which is favorable to the signing party.","The clause text is empty, providing no information about assignment rights. This creates significant uncertainty and potential for the drafting party to assert broad restrictions or obligations not explicitly agreed upon, placing the signing party at high risk.",,Vishal,Not applicable should be removed
5043,MR-016,NEONSYSTEMSINC_03_01_1999-EX-10.5-DISTRIBUTOR AGREEMENT_Amendment__Anti-Assignment,NEONSYSTEMSINC_03_01_1999-EX-10.5-DISTRIBUTOR AGREEMENT_Amendment,Anti-Assignment,"Any sale,           transfer or other conveyance of all or any part of the stock in, or           assets of, Licensor in violation of this Section shall be null and           void.",MANUAL_REVIEW,LOW↔HIGH,Qwen↑,2,typically MEDIUM — asymmetry determines risk,MEDIUM (52%),HIGH,LOW,Medium,0.85,0.9,"The clause imposes a severe penalty of nullity on the Licensor's corporate restructuring or asset sales without explicitly stating the consent requirements or exceptions, creating significant uncertainty and potential for unintended invalidation of the Licensor's transactions.","This clause specifies that certain actions by the Licensor (the drafting party's counterparty) would be null and void if they violate the section. From the perspective of the signing party (the licensee), this provision does not impose restrictions on their own assignment rights but rather on the Licensor. This is favorable to the signing party as it potentially protects them from an unwanted change in the Licensor's ownership or assets if such changes are restricted elsewhere in the contract.",LOW,Vishal,Agree to Gemini reasoning
5044,MR-017,"NOVOINTEGRATEDSCIENCES,INC_12_23_2019-EX-10.1-JOINT VENTURE AGREEMENT__Anti-Assignment","NOVOINTEGRATEDSCIENCES,INC_12_23_2019-EX-10.1-JOINT VENTURE AGREEMENT",Anti-Assignment,"During the term of this agreement HGF shall have the right, upon written approval of NVOS, to assign, transfer or sell all or part of their interest in this agreement.",MANUAL_REVIEW,LOW↔HIGH,Qwen↑,2,typically MEDIUM — asymmetry determines risk,MEDIUM (52%),HIGH,LOW,Medium,0.95,1,"The clause grants the drafter (HGF) an explicit unilateral right to assign the contract, while the signing party (NVOS) is left with no corresponding right to assign their own obligations or benefits. Furthermore, the requirement for NVOS's written approval creates a bottleneck where the drafter can transfer the contract to an unknown third party without NVOS's ability to refuse, potentially binding NVOS to a less capable or undesirable counterparty.","This clause grants the counterparty (HGF) the right to assign with the signing party's (NVOS) written approval. From the perspective of the signing party (NVOS), this is favorable as it gives them control over who the contract might be assigned to, preventing an undesirable third party from becoming their counterparty. This is a protective measure for the signing party.",LOW,Vishal,Agree to Gemini reasoning
5045,MR-018,SPORTHALEYINC_09_29_1997-EX-10.2-10-ENDORSEMENT AGREEMENT__Anti-Assignment,SPORTHALEYINC_09_29_1997-EX-10.2-10-ENDORSEMENT AGREEMENT,Anti-Assignment,This Agreement may not be assigned by the           Professional under any circumstances.,MANUAL_REVIEW,LOW↔HIGH,Qwen↑,2,typically MEDIUM — asymmetry determines risk,MEDIUM (52%),HIGH,LOW,Medium,0.95,0.9,"The clause imposes a total, unilateral prohibition on assignment by the Professional with no exceptions for corporate restructuring, mergers, or insolvency, creating significant risk for the signing party if the Professional is acquired or undergoes a change in control.","This clause restricts the Professional (the counterparty to the drafter) from assigning the agreement, which is favorable to the signing party (the customer/drafter) as it ensures continuity of service from the specific Professional. From the perspective of the signing party, this is a low risk.",LOW,Vishal,Agree to Gemini reasoning
5084,MR-057,RevolutionMedicinesInc_20200117_S-1_EX-10.1_11948417_EX-10.1_Development Agreement__Change Of Control,RevolutionMedicinesInc_20200117_S-1_EX-10.1_11948417_EX-10.1_Development Agreement,Change Of Control,RevMed shall pay Sanofi such royalties until the earlier of (x) expiration of the Post-Termination Royalty Term therefor and (y) a Change of Control of Sanofi.,MANUAL_REVIEW,LOW↔HIGH,Qwen↑,2,typically MEDIUM — termination rights matter,HIGH (45%),HIGH,LOW,High,0.95,1,"The clause grants the drafter (Sanofi) an unilateral right to terminate the royalty payment obligation simply by undergoing a change of control, which is a common corporate event. This exposes the signing party (RevMed) to the loss of future revenue streams without cause or notice, effectively allowing the counterparty to escape financial obligations at will upon a standard corporate transaction.","From the perspective of RevMed (the signing party and counterparty to Sanofi), the clause states that royalty payments to Sanofi will cease upon a Change of Control of Sanofi. This is favorable to RevMed as it limits their royalty obligations in the event Sanofi undergoes a change of ownership, potentially reducing long-term costs.",LOW,Vishal,Agree to Gemini reasoning
5085,MR-058,"VAPOTHERM, INC. - Manufacturing and Supply Agreement__Change Of Control","VAPOTHERM, INC. - Manufacturing and Supply Agreement",Change Of Control,"Notwithstanding anything to the contrary in this Agreement, Medica shall neither enter into an agreement to nor shall consummate (a) any Change of Control or (b) any sale of all or substantially all of its assets relating to the manufacture of the Cartridges unless (a) it provides Vapotherm written notice of any such proposed transaction, which notice shall include the specific terms and conditions of the proposed transaction, including the identify of the proposed acquirer, (b) Medica offers to enter into such transaction with Vapotherm on substantially the same terms and conditions, and (c) with [* * *] days of such notice, Vapotherm declines to accept such offer.",MANUAL_REVIEW,LOW↔HIGH,Qwen↑,2,typically MEDIUM — termination rights matter,HIGH (45%),HIGH,LOW,High,0.95,1,"The clause imposes a strict prohibition on Medica (the signing party) executing a Change of Control or asset sale without first offering the deal to Vapotherm on the exact same terms. This creates a significant operational constraint and potential loss of strategic exit opportunities, as Medica cannot proceed with a third-party transaction unless Vapotherm explicitly declines, effectively giving Vapotherm a veto power over Medica's fundamental corporate transactions.","This clause grants Vapotherm a right of first refusal (ROFR) on a Change of Control or sale of substantially all assets related to cartridge manufacturing. From Vapotherm's perspective (the signing party in this scenario, as the beneficiary of the ROFR), this is a favorable protection, allowing them to match any third-party offer and potentially acquire critical assets or control. This is a beneficial right for the signing party.",MEDIUM,Vishal,Looks Ambigous to me.
5127,MR-100,"ARMSTRONGFLOORING,INC_01_07_2019-EX-10.2-INTELLECTUAL PROPERTY AGREEMENT__Irrevocable Or Perpetual License","ARMSTRONGFLOORING,INC_01_07_2019-EX-10.2-INTELLECTUAL PROPERTY AGREEMENT",Irrevocable Or Perpetual License,"Unless earlier terminated pursuant to the provisions hereof, the term of this Agreement and the licenses and other grants of rights (and related obligations) under this Agreement shall (i) with respect to the Arizona Licensed Trademarks, be for the Arizona Trademark License Term, (ii) with respect to the Diamond Licensed Trademarks, be for the Diamond Trademark License Term, (iii) with respect to the Phase- Out Marks, be for the term set forth in Section 6.6, and (iv) with respect to Copyrights, Know-How and Patents, be in perpetuity.",MANUAL_REVIEW,LOW↔HIGH,Qwen↑,2,context-dependent — direction of grant matters,HIGH (40%),HIGH,LOW,High,0.95,1,"The clause grants a perpetual license for Copyrights, Know-How, and Patents that cannot be terminated even if the agreement ends, creating a permanent, one-sided loss of control over intellectual property assets for the signing party.","From the perspective of the party signing the contract (the licensee), a perpetual license for Copyrights, Know-How, and Patents is highly favorable as it grants long-term, unrestricted use of valuable intellectual property, reducing future licensing costs and uncertainties.",MEDIUM,Vishal,Both reasons looks equally convincing
5128,MR-101,AgapeAtpCorp_20191202_10-KA_EX-10.1_11911128_EX-10.1_Supply Agreement__Irrevocable Or Perpetual License,AgapeAtpCorp_20191202_10-KA_EX-10.1_11911128_EX-10.1_Supply Agreement,Irrevocable Or Perpetual License,The Manufacturer grants exclusive rights to the Customer for the term of ten (10) years from the date of the signing of this agreement and for an indefinite period upon the customer fulfilling the minimum annual purchase requirement as listed in Schedule B. of this agreement.,MANUAL_REVIEW,LOW↔HIGH,Qwen↑,2,context-dependent — direction of grant matters,HIGH (40%),HIGH,LOW,High,0.9,0.9,"The clause creates an indefinite exclusivity commitment that persists forever as long as the customer meets purchase targets, removing any natural termination point for the exclusivity obligation and potentially locking the customer into a long-term dependency without a defined end date.","The clause grants exclusive rights to the Customer, which is the signing party. This is highly favorable as it protects the Customer's market position for the specified term and potentially indefinitely, provided minimum purchase requirements are met.",MEDIUM,Vishal,Both reasons looks equally convincing
5129,MR-102,AimmuneTherapeuticsInc_20200205_8-K_EX-10.3_11967170_EX-10.3_Development Agreement__Irrevocable Or Perpetual License,AimmuneTherapeuticsInc_20200205_8-K_EX-10.3_11967170_EX-10.3_Development Agreement,Irrevocable Or Perpetual License,"Aimmune hereby grants to Xencor an exclusive license under and with respect to Aimmune Patents, and a non-exclusive license under and with respect to Aimmune Know-How, in each case, where such license is an irrevocable, perpetual, royalty-bearing license, with the right to sublicense, to Develop, Manufacture and Commercialize the Product(s), as the Product(s) exist as of the effective date of such termination, or optimized versions thereof that are Products.",MANUAL_REVIEW,LOW↔HIGH,Qwen↑,2,context-dependent — direction of grant matters,HIGH (40%),HIGH,LOW,High,1,1,"The signing party (Xencor) is locked into a permanent, non-terminable obligation to pay royalties for the use of Aimmune's patents and know-how, regardless of future commercial success or changes in market conditions, creating significant long-term financial exposure without an exit mechanism.","From the perspective of Xencor (the licensee), an irrevocable and perpetual license is highly favorable, providing long-term security and the ability to fully exploit the licensed IP without fear of termination or expiration. The right to sublicense further enhances its value and flexibility.",MEDIUM,Vishal,Both reasons looks equally convincing
5130,MR-103,ArmstrongFlooringInc_20190107_8-K_EX-10.2_11471795_EX-10.2_Intellectual Property Agreement__Irrevocable Or Perpetual License,ArmstrongFlooringInc_20190107_8-K_EX-10.2_11471795_EX-10.2_Intellectual Property Agreement,Irrevocable Or Perpetual License,"Unless earlier terminated pursuant to the provisions hereof, the term of this Agreement and the licenses and other grants of rights (and related obligations) under this Agreement shall (i) with respect to the Arizona Licensed Trademarks, be for the Arizona Trademark License Term, (ii) with respect to the Diamond Licensed Trademarks, be for the Diamond Trademark License Term, (iii) with respect to the Phase- Out Marks, be for the term set forth in Section 6.6, and (iv) with respect to Copyrights, Know-How and Patents, be in perpetuity.",MANUAL_REVIEW,LOW↔HIGH,Qwen↑,2,context-dependent — direction of grant matters,HIGH (40%),HIGH,LOW,High,0.95,1,"The clause grants a perpetual license for Copyrights, Know-How, and Patents that cannot be terminated even if the agreement ends, creating a permanent, one-sided loss of control over intellectual property assets for the signing party.","From the perspective of the party signing the contract (the licensee), a perpetual license for Copyrights, Know-How, and Patents is highly favorable as it grants long-term, unrestricted use of valuable intellectual property, reducing future licensing costs and uncertainties.",MEDIUM,Vishal,Both reasons looks equally convincing
5131,MR-104,"Array BioPharma Inc. - LICENSE, DEVELOPMENT AND COMMERCIALIZATION AGREEMENT__Irrevocable Or Perpetual License","Array BioPharma Inc. - LICENSE, DEVELOPMENT AND COMMERCIALIZATION AGREEMENT",Irrevocable Or Perpetual License,"Upon expiration of this Agreement, the licenses granted to Ono under Section 2.1 shall become non-exclusive, fully paid- up, irrevocable, perpetual, royalty free licenses, with sublicensing rights, to Develop, Manufacture, and/or Commercialize the Products in the Ono Territory.",MANUAL_REVIEW,LOW↔HIGH,Qwen↑,2,context-dependent — direction of grant matters,HIGH (40%),HIGH,LOW,High,1,1,"The clause grants the signing party (Ono) permanent, irrevocable, and royalty-free rights to commercialize the products indefinitely after the agreement expires. This permanently strips the drafter of future revenue streams and control over their intellectual property, creating a disproportionate benefit for the signing party that is typically unfavorable to the drafter.","This clause is highly favorable to the signing party (Ono) as it grants perpetual, irrevocable, royalty-free, and sublicensable rights upon expiration of the agreement, ensuring continued use and commercialization of the products without further cost or restriction. This significantly reduces future risk and cost for Ono.",LOW,Vishal,Agree to Gemini reasoning
5132,MR-105,AtnInternationalInc_20191108_10-Q_EX-10.1_11878541_EX-10.1_Maintenance Agreement__Irrevocable Or Perpetual License,AtnInternationalInc_20191108_10-Q_EX-10.1_11878541_EX-10.1_Maintenance Agreement,Irrevocable Or Perpetual License,"Vendor hereby grants and promises to grant and have granted to AT&T and its Affiliates a royalty-free, nonexclusive, sublicensable, assignable, transferable, irrevocable, perpetual, world- wide license in and to any applicable Intellectual Property Rights of Vendor to use, copy, modify, distribute, display, perform, import, make, sell, offer to sell, and exploit (and have others do any of the foregoing on or for AT&T's or any of its customers' behalf or benefit) any Intellectual Property Rights of Vendor or any third party that are not included in Material or Paid-For Development but necessary to operate the Cell Sites or receive the full benefit of the Work.",MANUAL_REVIEW,LOW↔HIGH,Qwen↑,2,context-dependent — direction of grant matters,HIGH (40%),HIGH,LOW,High,0,1,"The clause grants the counterparty (AT&T) an extremely broad, perpetual, and irrevocable license to use, modify, and exploit the Vendor's intellectual property, including third-party IP, without compensation. This effectively transfers ownership-like rights to the counterparty and its customers, stripping the Vendor of control over their IP and creating significant long-term exposure.","This clause grants a broad, perpetual, worldwide, royalty-free, and sublicensable license to AT&T (the signing party) for intellectual property necessary to operate cell sites or receive the full benefit of the work. This is highly favorable to the signing party, providing extensive rights and flexibility without ongoing cost.",LOW,Vishal,Agree to Gemini reasoning
5133,MR-106,CytodynInc_20200109_10-Q_EX-10.5_11941634_EX-10.5_License Agreement__Irrevocable Or Perpetual License,CytodynInc_20200109_10-Q_EX-10.5_11941634_EX-10.5_License Agreement,Irrevocable Or Perpetual License,"Following the expiration of the Royalty Term with respect to the Licensed Product, the licenses granted under Section 2.1 with respect to such Licensed Product in the Field and the Territory shall be non-exclusive, perpetual, irrevocable, fully-paid and royalty-free.",MANUAL_REVIEW,LOW↔HIGH,Qwen↑,2,context-dependent — direction of grant matters,HIGH (40%),HIGH,LOW,High,1,1,"The clause permanently strips the drafter of the ability to terminate the license or collect future royalties, creating a significant, one-sided loss of future revenue and control that is heavily favorable to the signing party at the drafter's expense.","This clause grants the signing party a perpetual, irrevocable, fully-paid, and royalty-free license after the royalty term expires. This is highly favorable to the signing party, ensuring continued use of the licensed product without further cost or risk of termination.",LOW,Vishal,Agree to Gemini reasoning
5134,MR-107,ENERGOUSCORP_03_16_2017-EX-10.24-STRATEGIC ALLIANCE AGREEMENT__Irrevocable Or Perpetual License,ENERGOUSCORP_03_16_2017-EX-10.24-STRATEGIC ALLIANCE AGREEMENT,Irrevocable Or Perpetual License,"Subject to the restrictions set out in Section 2.2, ENERGOUS hereby grants to DIALOG a non-exclusive (subject to Section 2.5), irrevocable, worldwide, sub-licensable (solely in accordance with Section 2.4), royalty-bearing license during the Term under all Product IP to:",MANUAL_REVIEW,LOW↔HIGH,Qwen↑,2,context-dependent — direction of grant matters,HIGH (40%),HIGH,LOW,High,0,0,"The grant is explicitly irrevocable and perpetual (implied by 'during the Term' combined with 'irrevocable' in a license context where termination rights are often limited), granting the signing party (DIALOG) a permanent, worldwide right to use all IP without the ability to revoke, while also being royalty-bearing which creates a continuous financial obligation that persists regardless of the license's utility or the term's duration.","The clause grants the signing party (DIALOG) an irrevocable and worldwide license, which is highly favorable as it provides long-term, broad rights to use the Product IP. The sub-licensable nature further enhances flexibility. While royalty-bearing, this is a common and manageable aspect of such licenses. The 'during the Term' limitation is standard and expected.",MEDIUM,Vishal,cant decide based on logic
5135,MR-108,ENTRUSTINC_07_24_1998-EX-10.5-STRATEGIC ALLIANCE AGREEMENT__Irrevocable Or Perpetual License,ENTRUSTINC_07_24_1998-EX-10.5-STRATEGIC ALLIANCE AGREEMENT,Irrevocable Or Perpetual License,"Subject to the terms and               -----------------------------------                           conditions of this Agreement, Entrust, to the extent of its legal right to do so, hereby grants to Nortel, under the Entrust Patents, an irrevocable, non- transferable, non-assignable, indivisible, non-exclusive, royalty-free, worldwide license for Licensed Products and Licensed Services.",MANUAL_REVIEW,LOW↔HIGH,Qwen↑,2,context-dependent — direction of grant matters,HIGH (40%),HIGH,LOW,High,0.95,1,"The signing party (Nortel) receives an irrevocable and perpetual license that cannot be transferred or assigned, locking them into a specific relationship with Entrust while preventing them from monetizing or restructuring the license rights. Additionally, the 'royalty-free' and 'worldwide' scope grants broad usage rights without ongoing compensation to the licensor, creating a significant, one-sided benefit for the signing party that is heavily weighted in their favor compared to standard market practices.","The clause grants an irrevocable, royalty-free, worldwide license to the signing party (Nortel), which is highly favorable as it ensures long-term, cost-free use of the licensed technology without geographic restrictions. While non-exclusive, this is standard for many technology licenses and does not diminish the significant benefits of the other terms for the signing party.",LOW,Vishal,Agree to Gemini reasoning
5136,MR-109,FIBROGENINC_10_01_2014-EX-10.11-COLLABORATION AGREEMENT__Irrevocable Or Perpetual License,FIBROGENINC_10_01_2014-EX-10.11-COLLABORATION AGREEMENT,Irrevocable Or Perpetual License,"Notwithstanding Section 14.1, in the event that Astellas develops, completely independently from any FG Technology and/or any other FG materials, confidential information, intellectual property or other related information provided by or on behalf of FG to Astellas under this Agreement or any other agreement between FG and Astellas relating to the subject matter hereof, any inventions or intellectual property rights related to the Field or the Expanded Field, [ * ], Astellas shall own such intellectual property and hereby grants to FG and its Sublicensees a non-exclusive, royalty-free, irrevocable license to such intellectual property for the FG Territory.",MANUAL_REVIEW,LOW↔HIGH,Qwen↑,2,context-dependent — direction of grant matters,HIGH (40%),HIGH,LOW,High,0.95,1,"The clause grants the drafter (FG) an irrevocable, royalty-free license to any independent inventions Astellas creates using FG's confidential information. This creates a significant risk of losing ownership rights to Astellas' own future innovations without compensation, effectively allowing the drafter to free-ride on the signing party's independent R&D efforts.","The clause grants the signing party (FG) an irrevocable, royalty-free license to intellectual property developed independently by Astellas, which is highly favorable to FG as it secures long-term, cost-free access to potentially valuable IP.",HIGH,Vishal,Risk to signing party looks like
5137,MR-110,HarpoonTherapeuticsInc_20200312_10-K_EX-10.18_12051356_EX-10.18_Development Agreement__Irrevocable Or Perpetual License,HarpoonTherapeuticsInc_20200312_10-K_EX-10.18_12051356_EX-10.18_Development Agreement,Irrevocable Or Perpetual License,"Following the expiration of the Term pursuant to clause (a) (but not clause (b)) of Section 12.1.1, the grants in Section 5.1.3 shall become non-exclusive, fully-paid, royalty-free and irrevocable.",MANUAL_REVIEW,LOW↔HIGH,Qwen↑,2,context-dependent — direction of grant matters,HIGH (40%),HIGH,LOW,High,0.95,1,"The clause permanently locks the signing party into an irrevocable license grant upon expiration of the term, stripping them of the ability to terminate, renegotiate, or reclaim rights even if the business relationship ends or the licensed technology becomes obsolete, creating a disproportionate and permanent burden.","From the perspective of the signing party (the licensee), a perpetual, fully-paid, royalty-free, and irrevocable license is highly favorable. It ensures continued use of the licensed rights without further payment or risk of termination, which is a significant benefit.",LOW,Vishal,Agree to Gemini reasoning
5138,MR-111,"IOVANCEBIOTHERAPEUTICS,INC_08_03_2017-EX-10.1-STRATEGIC ALLIANCE AGREEMENT__Irrevocable Or Perpetual License","IOVANCEBIOTHERAPEUTICS,INC_08_03_2017-EX-10.1-STRATEGIC ALLIANCE AGREEMENT",Irrevocable Or Perpetual License,"MD Anderson also grants LBIO a non-exclusive, royalty free, perpetual license (with rights to sub-license) under, in and to any and all data generated by MD Anderson in conducting studies of TILs in double refractory melanoma outside of the Collaboration and as of the Effective Date, and LBIO shall have unrestricted rights to use such double refractory melanoma data in governmental and regulatory submissions, including submissions that may become public.",MANUAL_REVIEW,LOW↔HIGH,Qwen↑,2,context-dependent — direction of grant matters,HIGH (40%),HIGH,LOW,High,0,1,"The signing party (LBIO) receives a perpetual, royalty-free license with sub-licensing rights to all data generated by MD Anderson, creating a significant, one-sided transfer of value and control that permanently locks the drafter's assets into the signing party's hands without ongoing compensation or time limits.","The clause grants LBIO a perpetual, royalty-free, and sublicensable license to valuable data generated by MD Anderson. This is highly favorable to LBIO, providing long-term, unrestricted use of critical data for regulatory submissions and other purposes.",LOW,Vishal,Agree to Gemini reasoning
5139,MR-112,MACROGENICSINC_08_02_2013-EX-10-COLLABORATION AGREEMENT__Irrevocable Or Perpetual License,MACROGENICSINC_08_02_2013-EX-10-COLLABORATION AGREEMENT,Irrevocable Or Perpetual License,"Subject to the terms and conditions of this Agreement, Green Cross hereby grants to MacroGenics a non- exclusive, royalty-free, perpetual license, with the right to grant and authorize the grant of sublicenses, to use all Clinical Data and any data generated by Green Cross or any of its representatives or independent contractors pursuant to its performing its responsibilities under this Agreement for the research, Development, manufacture Commercialization and sales of MGAH22 and Products by MacroGenics outside the Territory and for MacroGenics to exercise its rights and fulfill its obligations under this Agreement.",MANUAL_REVIEW,LOW↔HIGH,Qwen↑,2,context-dependent — direction of grant matters,HIGH (40%),HIGH,LOW,High,0.95,1,"The clause grants a perpetual, irrevocable license to the counterparty (MacroGenics) over all clinical data generated by the signing party (Green Cross). This permanently strips the signing party of control over its own data, preventing future commercialization, licensing to others, or repurposing of the data for other research, creating a significant and irreversible loss of asset value.","From the perspective of the party signing the contract (MacroGenics), a perpetual and sublicensable license for critical data is highly favorable, providing long-term rights and flexibility for commercialization without ongoing royalty obligations.",LOW,Vishal,Agree to Gemini reasoning
5140,MR-113,Microgenics Corporation - Collaborative Development and Commercialization Agreement__Irrevocable Or Perpetual License,Microgenics Corporation - Collaborative Development and Commercialization Agreement,Irrevocable Or Perpetual License,"Achaogen shall be responsible for the prosecution and maintenance of any Patent applications and Patents claiming or covering any Achaogen Inventions, and Microgenics shall be responsible for the prosecution and maintenance of any Patent applications and Patents claiming or covering any Microgenics Inventions; provided, that  [***] shall not, without first obtaining [***] prior written consent, file any Patent claiming or covering the [***]; provided, further, that, in the event that any such Patent applications covering or claiming any  [***] are filed without first obtaining  [***] prior written consent, then  [***] hereby grants [***] a perpetual, irrevocable, fully paid-up, royalty-free, worldwide, sublicenseable, non-exclusive license under such Patent applications and any Patents issuing therefrom or related thereto for the purpose of developing, manufacturing, using or commercializing [***].",MANUAL_REVIEW,LOW↔HIGH,Qwen↑,2,context-dependent — direction of grant matters,HIGH (40%),HIGH,LOW,High,0.95,0.9,"The clause imposes a severe, permanent penalty (a perpetual, irrevocable, royalty-free license) on the signing party if they fail to obtain prior written consent before filing a patent. This creates a disproportionate risk where a procedural oversight results in the permanent loss of intellectual property rights without compensation, heavily favoring the drafter.","This clause grants the signing party (Microgenics, based on the context of the license grant) a perpetual, irrevocable, fully paid-up, royalty-free, worldwide, sublicenseable, non-exclusive license under certain patents if Achaogen files them without Microgenics' prior written consent. This is a highly favorable term for the signing party, providing significant intellectual property rights as a remedy for a potential breach by the counterparty.",LOW,Vishal,Agree to Gemini reasoning
5141,MR-114,NICELTD_06_26_2003-EX-4.5-OUTSOURCING AGREEMENT__Irrevocable Or Perpetual License,NICELTD_06_26_2003-EX-4.5-OUTSOURCING AGREEMENT,Irrevocable Or Perpetual License,"Notwithstanding the aforesaid, it is agreed that any           manufacturing methods applied by Contractor, which are Contractor's           Proprietary Information, may be used by NICE itself (including its           Affiliates) (but may not be transferred/disclosed to any third party)           and by signing this Agreement Contractor hereby grants NICE a           personal, non exclusive, non transferable, perpetual license to use           such manufacturing methods.",MANUAL_REVIEW,LOW↔HIGH,Qwen↑,2,context-dependent — direction of grant matters,HIGH (40%),HIGH,LOW,High,0.95,1,"The clause grants a perpetual license for the Contractor's proprietary manufacturing methods without a defined term or termination mechanism, permanently stripping the Contractor of the ability to revoke access to their own IP even if the commercial relationship ends or the contract is breached.","From the perspective of NICE (the signing party), this clause grants a perpetual license to use the Contractor's proprietary manufacturing methods. This is highly favorable to NICE, as it secures long-term access to critical intellectual property without ongoing fees or restrictions, enhancing NICE's operational independence and reducing future dependency on the Contractor.",LOW,Vishal,Agree to Gemini reasoning
5142,MR-115,RemarkHoldingsInc_20081114_10-Q_EX-10.24_2895649_EX-10.24_Content License Agreement__Irrevocable Or Perpetual License,RemarkHoldingsInc_20081114_10-Q_EX-10.24_2895649_EX-10.24_Content License Agreement,Irrevocable Or Perpetual License,"The term of the license for the Content delivered to HSWI as part of the Affinities, and the Affinities themselves, shall be perpetual, Exclusive, and irrevocable.",MANUAL_REVIEW,LOW↔HIGH,Qwen↑,2,context-dependent — direction of grant matters,HIGH (40%),HIGH,LOW,High,1,1,"The grant is explicitly perpetual, exclusive, and irrevocable, which permanently strips the signing party (HSWI) of the ability to terminate the license, switch providers, or re-license the content to others, creating a significant and permanent loss of control over the asset.","From the perspective of the party signing the contract (HSWI), receiving a perpetual, exclusive, and irrevocable license for content is highly favorable. It grants maximum rights and control over the licensed material without fear of termination or competition from the licensor.",LOW,Vishal,Agree to Gemini reasoning
5143,MR-116,RevolutionMedicinesInc_20200117_S-1_EX-10.1_11948417_EX-10.1_Development Agreement__Irrevocable Or Perpetual License,RevolutionMedicinesInc_20200117_S-1_EX-10.1_11948417_EX-10.1_Development Agreement,Irrevocable Or Perpetual License,"Upon expiration of this Agreement, the licenses granted to Sanofi under Section 3.1 will become fully paid up, royalty free, perpetual and irrevocable.",MANUAL_REVIEW,LOW↔HIGH,Qwen↑,2,context-dependent — direction of grant matters,HIGH (40%),HIGH,LOW,High,1,1,"The clause permanently transfers all rights to the counterparty (Sanofi) without future royalties or the ability to revoke the license, creating a significant, one-sided loss of asset control and future revenue potential for the signing party.","From the perspective of the party signing the contract (Sanofi, the licensee), this clause is highly favorable as it grants a perpetual, irrevocable, fully paid-up, and royalty-free license upon agreement expiration, which is a significant benefit and reduces future obligations.",LOW,Vishal,Agree to Gemini reasoning
5144,MR-117,VERICELCORP_08_06_2019-EX-10.10-SUPPLY AGREEMENT__Irrevocable Or Perpetual License,VERICELCORP_08_06_2019-EX-10.10-SUPPLY AGREEMENT,Irrevocable Or Perpetual License,"Following expiration of the Royalty Term (as defined in the License Agreement) for any Licensed Product in a given country, the license granted to Vericel under Section 9.1 of this Agreement with respect to such Licensed Product in such country shall automatically become fully paid-up, perpetual, irrevocable and royalty-free.",MANUAL_REVIEW,LOW↔HIGH,Qwen↑,2,context-dependent — direction of grant matters,HIGH (40%),HIGH,LOW,High,1,1,"The clause grants the counterparty (Vericel) a permanent, royalty-free license that triggers automatically upon expiration of the royalty term, permanently stripping the signing party of future revenue rights and control over the licensed product in that country without any negotiation or compensation mechanism.","This clause is highly favorable to the signing party (Vericel) as it grants a perpetual, irrevocable, fully paid-up, and royalty-free license after the royalty term expires. This significantly reduces long-term financial obligations and provides certainty of use.",LOW,Vishal,Agree to Gemini reasoning
5152,MR-125,"ADMA BioManufacturing, LLC -  Amendment #3 to Manufacturing Agreement __Liquidated Damages","ADMA BioManufacturing, LLC -  Amendment #3 to Manufacturing Agreement ",Liquidated Damages,"Should ADMA fail to supply a minimum of [***] Batches of Product (the ""Minimum Volume"") of Product during the time period as specified in this Amendment #3, ADMA agrees that Sanofi Pasteur shall be entitled to obtain from ADMA as liquidated damages, and not a penalty, amounting to $[***] ([***]) USD.",MANUAL_REVIEW,LOW↔HIGH,Qwen↑,2,typically HIGH — punitive penalties,HIGH (63%),HIGH,LOW,Medium,0.95,0.9,The clause imposes a strict minimum volume commitment on the signing party (ADMA) with a unilateral financial penalty for failure to meet that target. This creates significant liability exposure as the signing party bears the entire risk of supply shortfalls or demand fluctuations without any reciprocal minimum purchase obligation or cap on damages mentioned in the text.,"This clause describes a minimum commitment for ADMA to supply product to Sanofi Pasteur. From Sanofi Pasteur's perspective (the signing party in this scenario, as the counterparty to ADMA), this clause is favorable as it guarantees a minimum supply and provides for liquidated damages if ADMA fails to meet that commitment. This protects Sanofi Pasteur's supply chain and provides a clear remedy for breach.",HIGH,Vishal,Qwen reasoning is fine
5153,MR-126,AMERICASSHOPPINGMALLINC_12_10_1999-EX-10.2-SITE DEVELOPMENT AND HOSTING AGREEMENT__Liquidated Damages,AMERICASSHOPPINGMALLINC_12_10_1999-EX-10.2-SITE DEVELOPMENT AND HOSTING AGREEMENT,Liquidated Damages,"In the event the Company terminates this Agreement, the Company shall pay to HDI a termination payment, (the ""Termination Payment"") the amount of which shall be an amount equal to the aggregate Net Sales for the twelve (12) months preceding the Termination Date less $800,000, the balance of which shall be divided by two.",MANUAL_REVIEW,LOW↔HIGH,Qwen↑,2,typically HIGH — punitive penalties,HIGH (63%),HIGH,LOW,Medium,0.95,0.9,"The clause creates a significant, one-sided financial liability for the Company (the signing party) triggered solely by its own termination decision. It mandates a specific payout formula based on past Net Sales, which exposes the Company to substantial monetary loss without any corresponding cap, limitation, or condition that would protect the Company from paying a large sum simply for ending the relationship.","This clause defines a specific termination payment to HDI (the signing party) if the Company terminates the agreement. While it caps the payment to a formula, it guarantees a payment to HDI, which is a favorable protection for the signing party upon termination by the counterparty. It does not limit HDI's liability, but rather defines a payment due to HDI.",HIGH,Vishal,Qwen reasoning is fine
5154,MR-127,BONTONSTORESINC_04_20_2018-EX-99.3-AGENCY AGREEMENT__Liquidated Damages,BONTONSTORESINC_04_20_2018-EX-99.3-AGENCY AGREEMENT,Liquidated Damages,"In the event the Closing fails to occur, then, only upon entry of a final and non-appealable order of the Bankruptcy Court determining that such failure was the result of Purchaser's sole, material, non-excusable breach of this Agreement, then Merchant shall be entitled to retain the Deposit as liquidated damages as Merchant's sole remedy for such breach.",MANUAL_REVIEW,LOW↔HIGH,Qwen↑,2,typically HIGH — punitive penalties,HIGH (63%),HIGH,LOW,Medium,0,1,"The clause creates a significant, one-sided liability exposure for the signing party (Purchaser) by allowing the drafter (Merchant) to automatically forfeit the entire deposit upon a specific finding of breach, while explicitly limiting the Purchaser to only this remedy and excluding other potential legal recourse or damages.","This clause is favorable to the Purchaser (the signing party) because it sets a very high bar for the Merchant to retain the deposit as liquidated damages. The Merchant must obtain a final, non-appealable order from a Bankruptcy Court proving the Purchaser's 'sole, material, non-excusable breach.' This provides significant protection against the deposit being forfeited easily.",LOW,Vishal,Gemini reasoning is better
5155,MR-128,"HEMISPHERX - Sales, Marketing, Distribution, and Supply Agreement__Liquidated Damages","HEMISPHERX - Sales, Marketing, Distribution, and Supply Agreement",Liquidated Damages,HEMISPHERX will have the option at any time to buy out this Agreement.,MANUAL_REVIEW,LOW↔HIGH,Qwen↑,2,typically HIGH — punitive penalties,HIGH (63%),HIGH,LOW,Medium,0.9,0.9,"The clause grants the drafter (HEMISPHERX) an unilateral right to terminate the agreement at any time without specifying any buyout fee, compensation, or conditions, leaving the signing party with no protection against sudden termination or financial loss.","This clause grants the counterparty (HEMISPHERX) an option to buy out the agreement, which is a right for them, not an obligation or a penalty for the signing party. It does not impose liquidated damages or a termination fee on the signing party. From the signing party's perspective, this is a neutral or potentially beneficial term as it might lead to an early exit with compensation.",MEDIUM,Vishal,Should be carefully observed by both parties
5156,MR-129,Monsanto Company - SECOND A_R EXCLUSIVE AGENCY AND MARKETING AGREEMENT __Liquidated Damages,Monsanto Company - SECOND A_R EXCLUSIVE AGENCY AND MARKETING AGREEMENT ,Liquidated Damages,Monsanto and the Agent stipulate and agree that the injury which will be caused to the Agent by the termination of this Agreement under the circumstances which shall give rise to the payment of the Termination Fee are difficult or impossible of accurate estimation; that by establishing the Termination Fee they intend to provide for the payment of damages and not a penalty; and that the sum stipulated for the Termination Fee is a reasonable pre-estimate of the probable loss which will be suffered by the Agent in the event of such termination.,MANUAL_REVIEW,LOW↔HIGH,Qwen↑,2,typically HIGH — punitive penalties,HIGH (63%),HIGH,LOW,,0.95,0.9,"The clause explicitly defines the Termination Fee as compensation for damages suffered by the Agent (the drafter) upon termination, while the signing party (the counterparty) is the one who would be liable to pay this fee. This creates a one-sided financial exposure where the signing party must pay a pre-determined sum that the drafter claims is a reasonable estimate of their loss, without reciprocal protection for the signing party if they terminate the agreement.","The clause explicitly states that the termination fee is intended as damages and not a penalty, and that it is a reasonable pre-estimate of the Agent's probable loss. This language is designed to make the liquidated damages clause enforceable and protects the Agent (the signing party) by ensuring they receive a fair, pre-agreed compensation for termination, rather than having to prove actual damages which can be difficult.",MEDIUM,Vishal,Should be carefully observed by both parties
5157,MR-130,TEARDROPGOLFCO_10_23_1996-EX-10.12-ENDORSEMENT AGREEMENT__Liquidated Damages,TEARDROPGOLFCO_10_23_1996-EX-10.12-ENDORSEMENT AGREEMENT,Liquidated Damages,"In addition, TPC agrees that Consolidated Artists shall be entitled to the Retainer Fee prorated to the effective date of termination as well any Tournament Bonuses, Money List Bonuses and any Royalty Compensation earned by Consolidated Artists prior to the effective date of termination.",MANUAL_REVIEW,LOW↔HIGH,Qwen↑,2,typically HIGH — punitive penalties,HIGH (63%),HIGH,LOW,Medium,0.95,0.9,"The clause mandates payment of all earned bonuses and royalties to the drafter (Consolidated Artists) upon termination regardless of the reason for termination or fault, creating a significant, one-sided financial liability for the signing party (TPC) that exceeds standard liquidated damages or pro-rated fee structures.","This clause specifies that the counterparty (Consolidated Artists) is entitled to fees and compensation earned up to the termination date. This is a standard provision ensuring the counterparty is paid for services rendered or compensation earned prior to termination, which is a reasonable expectation and does not impose unusual or excessive liquidated damages on the signing party (TPC). It only covers earned amounts, not future or unearned compensation.",LOW,Vishal,Gemini logic is convincing
5179,MR-152,"BERKELEYLIGHTS,INC_06_26_2020-EX-10.12-COLLABORATION AGREEMENT__Most Favored Nation","BERKELEYLIGHTS,INC_06_26_2020-EX-10.12-COLLABORATION AGREEMENT",Most Favored Nation,"With respect to any [***],",MANUAL_REVIEW,LOW↔HIGH,Qwen↑,2,context-dependent — who benefits matters,LOW (70%),HIGH,LOW,High,0.95,0.6,"The clause text is a fragment containing only a placeholder and lacks the operative language defining the MFN obligation, scope, or conditions. This incompleteness creates significant legal uncertainty and potential for the signing party to be bound by undefined or unexpectedly broad terms if the bracketed section is filled with aggressive language, representing a high risk of unmanageable exposure.","This clause, despite being incomplete, is a Most Favored Nation (MFN) clause. MFN clauses are generally favorable to the signing party (the counterparty to the drafter) as they ensure the signing party receives the best terms offered to any third party. The incomplete nature of the clause means the specific scope is unknown, but the general intent of an MFN clause is beneficial.",MEDIUM,Vishal,Incomplete clause
5180,MR-153,GOLDRESOURCECORP_12_11_2008-EX-10.1-STRATEGIC ALLIANCE AGREEMENT__Most Favored Nation,GOLDRESOURCECORP_12_11_2008-EX-10.1-STRATEGIC ALLIANCE AGREEMENT,Most Favored Nation,"The Company shall immediately inform HOC and provide HOC with a copy of any other standstill provisions in any agreement pertaining to the matters set forth in this Article 6, entered into by the Company with another person subsequent to the date hereof, and notwithstanding delivery of such notice and a copy of any such provisions, HOC shall have the full benefit of any materially more favourable terms, in the opinion of HOC, contained in such standstill and Section 6.1 shall be deemed to be amended accordingly.",MANUAL_REVIEW,LOW↔HIGH,Qwen↑,2,context-dependent — who benefits matters,LOW (70%),HIGH,LOW,High,0.9,1,"The clause grants the counterparty (HOC) unilateral discretion to determine what constitutes 'materially more favourable terms' without an objective standard or independent verification mechanism. This creates significant uncertainty and potential for the signing party to be bound to retroactive amendments of the agreement based solely on HOC's subjective opinion, exposing the signing party to unpredictable financial and operational liabilities.","This clause is a Most Favored Nation provision, which is generally favorable to the signing party (HOC in this case). It ensures that if the Company grants better standstill terms to another party, HOC will automatically receive those same better terms, effectively protecting HOC from being disadvantaged.",LOW,Vishal,Gemini logic is convincing
5181,MR-154,MPLXLP_06_17_2015-EX-10.1-TRANSPORTATION SERVICES AGREEMENT__Most Favored Nation,MPLXLP_06_17_2015-EX-10.1-TRANSPORTATION SERVICES AGREEMENT,Most Favored Nation,"Upon termination of this Agreement for reasons other than a default by Shipper, pursuant to any provisions of this Agreement or any other termination of this Agreement initiated by Shipper pursuant to Section 5, Shipper shall have the right to require MPL to enter into a new transportation service agreement with Shipper that (a) is consistent with the terms and objectives set forth in this Agreement and (b) has commercial terms that are, in the aggregate, equal to or more favorable to Shipper than fair market value terms as would be agreed by similarly-situated parties negotiating at arm's length provided.",MANUAL_REVIEW,LOW↔HIGH,Qwen↑,2,context-dependent — who benefits matters,LOW (70%),HIGH,LOW,High,0.95,0.9,"The clause grants the drafter (Shipper) unilateral power to force the signing party (MPL) into a new contract with terms superior to fair market value, effectively eliminating MPL's ability to negotiate competitive rates or exit unfavorable conditions upon termination, creating a significant and disproportionate financial obligation.","This clause provides the Shipper (the signing party) with a right to a new agreement with terms equal to or more favorable than fair market value, which is a beneficial protection for the Shipper upon certain terminations. While not a direct Most Favored Nation clause, it offers a similar protective mechanism by ensuring favorable terms for the Shipper.",LOW,Vishal,Gemini logic is convincing
5182,MR-155,TheglobeComInc_19990503_S-1A_EX-10.20_5416126_EX-10.20_Co-Branding Agreement__Most Favored Nation,TheglobeComInc_19990503_S-1A_EX-10.20_5416126_EX-10.20_Co-Branding Agreement,Most Favored Nation,"All Users shall be treated at least as favorable in all respects (including without limitation with respect to pricing, quality of service, and customer support responsiveness) as Boxlot treats users of the Boxlot Site.",MANUAL_REVIEW,LOW↔HIGH,Qwen↑,2,context-dependent — who benefits matters,LOW (70%),HIGH,LOW,High,0.9,1,"The clause creates an open-ended obligation to match any terms given to 'users of the Boxlot Site' without defining the scope of those users, the specific terms covered, or any mechanism for verification or limitation. This exposes the signing party to unpredictable cost increases and operational constraints if the drafter offers preferential terms to any other user, potentially including competitors or internal affiliates, with no cap or exclusions.","This is a strong Most Favored Nation clause, ensuring the signing party receives terms at least as good as any other user of the Boxlot Site. It explicitly covers key areas like pricing, quality of service, and customer support, which is highly favorable to the signing party.",LOW,Vishal,Gemini logic is convincing
5189,MR-162,BerkshireHillsBancorpInc_20120809_10-Q_EX-10.16_7708169_EX-10.16_Endorsement Agreement__Non-Disparagement,BerkshireHillsBancorpInc_20120809_10-Q_EX-10.16_7708169_EX-10.16_Endorsement Agreement,Non-Disparagement,Berkshire may terminate this Agreement immediately by giving Auriemma notice if,MANUAL_REVIEW,LOW↔HIGH,Gemini↑,2,typically MEDIUM — asymmetry determines risk,MEDIUM (56%),LOW,HIGH,Low,0.95,0.9,"The provided text fragment describes a termination right for the drafter (Berkshire) and does not contain any language imposing a non-disparagement obligation on the signing party (Auriemma). As there is no restrictive covenant present in the text, there is no risk associated with the non-disparagement clause type.","This clause grants Berkshire an immediate termination right with simple notice, without specifying any cause or breach by Auriemma. This is a heavily one-sided termination right that puts Auriemma at significant risk of arbitrary termination.",HIGH,Vishal,Gemini logic is convincing
5190,MR-163,GpaqAcquisitionHoldingsInc_20200123_S-4A_EX-10.8_11951679_EX-10.8_Service Agreement__Non-Disparagement,GpaqAcquisitionHoldingsInc_20200123_S-4A_EX-10.8_11951679_EX-10.8_Service Agreement,Non-Disparagement,"Each of the HOF Entities or Constellation may terminate this Agreement at any time without liability if association with another Party could, in such Party's reasonable opinion, materially damage its reputation or image or in the event a Party breaches Section 3.3 hereof, which breach is not cured within sixty (60).",MANUAL_REVIEW,LOW↔HIGH,Qwen↑,2,typically MEDIUM — asymmetry determines risk,MEDIUM (56%),HIGH,LOW,Low,0.9,0.9,"The clause grants the drafter an unilateral right to terminate the contract immediately without liability based on a subjective 'reasonable opinion' regarding reputation damage. This creates significant uncertainty and risk for the signing party, as the termination trigger is vague, discretionary, and lacks objective criteria or a cure period, potentially allowing the drafter to end the relationship arbitrarily.","This clause grants a mutual right to terminate if an association with the other party could reasonably damage reputation or image. This is a standard protection for both parties, allowing them to exit a relationship that becomes detrimental to their public perception, and it is not disproportionately burdensome on the signing party.",MEDIUM,Vishal,Should be reviewed by oth parties
5191,MR-164,INTERNATIONALFASTFOODCORP_04_04_1997-EX-99-FRANCHISE AGREEMENT__Non-Disparagement,INTERNATIONALFASTFOODCORP_04_04_1997-EX-99-FRANCHISE AGREEMENT,Non-Disparagement,"The Franchisee  will not directly or indirectly,  at any time during the term of this Agreement or thereafter,  do or cause to be done any act or thing  disputing,  attacking or in any way impairing the validity of and BKC's right,  title or interest in the Burger King Marks and the Burger King System.",MANUAL_REVIEW,LOW↔HIGH,Gemini↑,2,typically MEDIUM — asymmetry determines risk,MEDIUM (56%),LOW,HIGH,Low,0,1,"This is a standard intellectual property protection clause common in franchise agreements, requiring the signing party to respect the franchisor's trademarks and system validity rather than imposing a broad, vague non-disparagement restriction on general reputation or business practices.","This clause imposes a perpetual non-disparagement obligation on the Franchisee, extending indefinitely even after the agreement terminates. It broadly prohibits any act 'disputing, attacking or in any way impairing' the validity or interest in the Burger King Marks and System, which is extremely broad and could stifle legitimate criticism or legal challenges. The 'thereafter' provision makes this a significant, ongoing burden.",MEDIUM,Vishal,Should be reviewed by oth parties
5192,MR-165,NEOMEDIATECHNOLOGIESINC_12_15_2005-EX-16.1-DISTRIBUTOR AGREEMENT__Non-Disparagement,NEOMEDIATECHNOLOGIESINC_12_15_2005-EX-16.1-DISTRIBUTOR AGREEMENT,Non-Disparagement,"(ii) DISTRIBUTOR, or any principal owner of DISTRIBUTOR, is convicted          of a crime which, in PPG SHANGHAI's reasonable judgment, may adversely          affect the goodwill or interest of DISTRIBUTOR or of PPG SHANGHAI;",MANUAL_REVIEW,LOW↔HIGH,Qwen↑,2,typically MEDIUM — asymmetry determines risk,MEDIUM (56%),HIGH,LOW,Low,0.9,0.9,"The clause grants the drafter (PPG SHANGHAI) unilateral discretion to determine what constitutes a crime affecting goodwill through a subjective 'reasonable judgment' standard. This creates significant risk for the signing party (DISTRIBUTOR) as it allows the drafter to terminate or penalize based on vague, undefined criteria without objective evidence or third-party validation, potentially leading to arbitrary termination.","This clause outlines a condition under which PPG SHANGHAI may take action (likely termination, though not explicitly stated in this fragment) if the Distributor or its principal owner is convicted of a crime that reasonably affects goodwill. This is a standard protection for a counterparty and does not impose an unusual or disproportionate burden on the Distributor. The 'reasonable judgment' standard provides a degree of objectivity.",MEDIUM,Vishal,Should be reviewed by oth parties
5193,MR-166,PelicanDeliversInc_20200211_S-1_EX-10.3_11975895_EX-10.3_Development Agreement2__Non-Disparagement,PelicanDeliversInc_20200211_S-1_EX-10.3_11975895_EX-10.3_Development Agreement2,Non-Disparagement,"The Client and the Designer both agree to never to disparage or speak ill of the other party to anyone and or post negative or disparaging comments Online regarding any of the Designer's products, services, affiliates, subsidiaries, officers, directors, employees or shareholders, and will take reasonable steps to prevent and will not knowingly permit any of their respective employees or agents to, disparage or speak ill of such persons.",MANUAL_REVIEW,LOW↔HIGH,Qwen↑,2,typically MEDIUM — asymmetry determines risk,MEDIUM (56%),HIGH,LOW,Low,0.9,1,"The clause imposes a broad, mutual prohibition on 'speaking ill' and posting negative comments online without defining 'disparagement' or providing exceptions for truthful criticism, public interest, or legal proceedings. This creates significant legal exposure for the signing party (Client) by potentially silencing legitimate feedback or whistleblowing, and the phrase 'speak ill' is overly vague and subjective, making compliance difficult to assess.","This clause imposes a mutual non-disparagement obligation, meaning both parties are equally restricted from disparaging the other. This balance makes the clause standard and fair from the perspective of the signing party (Client).",LOW,Vishal,Mutual agreement
5198,MR-171,"HEMISPHERX - Sales, Marketing, Distribution, and Supply Agreement__Notice Period To Terminate Renewal","HEMISPHERX - Sales, Marketing, Distribution, and Supply Agreement",Notice Period To Terminate Renewal,The Term will be 3 years from Effective Date with an automatic 2 year term extensions unless otherwise advised by one of the Parties.,MANUAL_REVIEW,LOW↔HIGH,Qwen↑,2,typically LOW-MEDIUM — notice length matters,LOW (50%),HIGH,LOW,Medium,0.9,0.9,"The clause mandates automatic renewal for 2 years without requiring mutual consent or specifying a notice period for the signing party to opt-out, creating a significant risk of being locked into an unwanted extension if the signing party fails to act.","The clause provides for automatic renewal, which can be a risk if the signing party forgets to terminate. However, the 'unless otherwise advised by one of the Parties' language makes it a mutual right to prevent renewal, balancing the risk. The 2-year extension is also a reasonable period.",MEDIUM,Vishal,Should be reviewed by oth parties
5207,MR-180,ArcaUsTreasuryFund_20200207_N-2_EX-99.K5_11971930_EX-99.K5_Development Agreement__Renewal Term,ArcaUsTreasuryFund_20200207_N-2_EX-99.K5_11971930_EX-99.K5_Development Agreement,Renewal Term,"This Agreement shall continue in effect for two years from the date hereof, and thereafter shall continue automatically for successive annual periods, provided that such continuance is specifically approved at least annually by (A) the vote of the Board, or by the vote of a majority of the outstanding voting securities of the Fund and (B) the vote of a majority of the Fund's directors who are not parties to this Agreement or ""interested persons"" (as such term is defined in Section 2(a)(19) of the Investment Fund Act) of any such party, in accordance with the requirements of the Investment Fund Act.",MANUAL_REVIEW,LOW↔HIGH,Qwen↑,2,typically MEDIUM — auto-renewal terms matter,MEDIUM (53%),HIGH,LOW,Medium,0.95,1,"The automatic renewal is conditional on obtaining specific, separate annual approvals from both the Board and a majority of disinterested directors. This creates a significant risk that the contract will not renew due to procedural hurdles or board inaction, leaving the signing party without the expected continuity of service or license despite the 'automatic' language.","The renewal term, while automatic, is subject to specific annual approvals by the Fund's board and independent directors, as well as compliance with the Investment Fund Act. This provides the Fund (the signing party) with significant control and oversight over the continuation of the agreement, protecting its interests rather than creating an open-ended obligation.",LOW,Vishal,Agree to gemini logic
5208,MR-181,"BELLICUMPHARMACEUTICALS,INC_05_07_2019-EX-10.1-Supply Agreement__Renewal Term","BELLICUMPHARMACEUTICALS,INC_05_07_2019-EX-10.1-Supply Agreement",Renewal Term,"collectively with the Initial Term, the ""Term"").",MANUAL_REVIEW,LOW↔HIGH,Gemini↑,2,typically MEDIUM — auto-renewal terms matter,MEDIUM (53%),LOW,HIGH,Medium,0.95,0.4,"The text is a definitional fragment establishing the total duration by combining the initial and renewal terms, containing no specific renewal mechanics, unilateral extension rights, or automatic extension language that would create risk for the signing party.","This fragment provides no information about renewal terms, automatic extensions, or unilateral extensions. Without any language defining how the contract continues after the initial term, the signing party faces high uncertainty regarding the contract's duration and potential for unwanted automatic renewals or lack of renewal options.",LOW,Vishal,Incomplete clause
5209,MR-182,FulucaiProductionsLtd_20131223_10-Q_EX-10.9_8368347_EX-10.9_Content License Agreement__Renewal Term,FulucaiProductionsLtd_20131223_10-Q_EX-10.9_8368347_EX-10.9_Content License Agreement,Renewal Term,"License Term Perpetual, unlimited runs x Other: 2 years Commencing: November 15, 2012",MANUAL_REVIEW,LOW↔HIGH,Qwen↑,2,typically MEDIUM — auto-renewal terms matter,MEDIUM (53%),HIGH,LOW,Medium,0.9,0.8,"The term is defined as 'Perpetual' rather than a fixed duration, creating an indefinite commitment that prevents the signing party from terminating the agreement or renegotiating terms in the future, which is a significant loss of flexibility and control.","The clause states the license term is perpetual with unlimited runs, which is highly favorable to the signing party. The 'x Other: 2 years' is ambiguous but likely refers to an initial term or a specific component, not overriding the perpetual nature of the core license. This provides long-term stability and usage rights.",MEDIUM,Vishal,Should be reviewed by oth parties
5210,MR-183,HEALTHGATEDATACORP_11_24_1999-EX-10.1-HOSTING AND MANAGEMENT AGREEMENT (1)__Renewal Term,HEALTHGATEDATACORP_11_24_1999-EX-10.1-HOSTING AND MANAGEMENT AGREEMENT (1),Renewal Term,"If the Publishers exercise their right to renew,             the term of the Services shall be extended by one further year, up             to and including 28 February 2001.",MANUAL_REVIEW,LOW↔HIGH,Qwen↑,2,typically MEDIUM — auto-renewal terms matter,MEDIUM (53%),HIGH,LOW,Medium,0.9,0.9,"The renewal right is unilateral and entirely at the discretion of the drafter (Publishers), leaving the signing party with no ability to initiate renewal or negotiate terms. Additionally, the clause contains a specific historical expiration date (28 February 2001), which renders the contract term potentially expired or legally ambiguous if the agreement is being reviewed in a current context, creating significant uncertainty for the signing party.","The renewal is at the discretion of the Publishers (the drafter/counterparty), which is not ideal for the signing party seeking long-term certainty. However, it is limited to 'one further year' and has a specific end date, which mitigates the risk of indefinite or multiple unilateral renewals. The signing party is not bound to renew, and the limited term makes it a manageable risk.",MEDIUM,Vishal,Should be reviewed by oth parties
5211,MR-184,"HEMISPHERX - Sales, Marketing, Distribution, and Supply Agreement__Renewal Term","HEMISPHERX - Sales, Marketing, Distribution, and Supply Agreement",Renewal Term,The Term will be 3 years from Effective Date with an automatic 2 year term extensions unless otherwise advised by one of the Parties.,MANUAL_REVIEW,LOW↔HIGH,Qwen↑,2,typically MEDIUM — auto-renewal terms matter,MEDIUM (53%),HIGH,LOW,Medium,0.9,0.9,"The clause mandates automatic renewal for 2 years without requiring mutual consent or specifying a notice period for the signing party to opt-out, creating a significant risk of being locked into an unwanted extension if the signing party fails to act.","The clause provides for automatic renewal, which can be a risk if the signing party forgets to terminate. However, the 'unless otherwise advised by one of the Parties' language makes it a mutual right to prevent renewal, balancing the risk. The 2-year extension is also a reasonable period.",MEDIUM,Vishal,Should be reviewed by oth parties
5212,MR-185,IntegrityFunds_20200121_485BPOS_EX-99.E UNDR CONTR_11948727_EX-99.E UNDR CONTR_Service Agreement__Renewal Term,IntegrityFunds_20200121_485BPOS_EX-99.E UNDR CONTR_11948727_EX-99.E UNDR CONTR_Service Agreement,Renewal Term,"This Agreement shall continue until January 18, 2022, and thereafter shall continue automatically for successive annual periods ending on January 18th of each year, provided such continuance is specifically approved at least annually by (a) the Fund's Board of Trustees and (b) a vote of a majority (as defined in the 1940 Act) of the Fund's Trustees who are not interested persons (as defined in the 1940 Act) of the Fund and who have no direct or indirect financial interest in the operation of the Plan, in this Agreement, or any agreement related to the Plan (the ""Qualified Trustees""), by vote cast in person at a meeting called for the purpose of voting on such approval.",MANUAL_REVIEW,LOW↔HIGH,Qwen↑,2,typically MEDIUM — auto-renewal terms matter,MEDIUM (53%),HIGH,LOW,Medium,0.95,1,"The renewal is not automatic but is strictly conditional on a complex, dual-layer approval process involving specific fiduciary standards and a quorum of disinterested trustees voting in person. This creates a significant risk of unilateral non-renewal without cause, leaving the signing party with no guaranteed continuity of the agreement despite the 'automatic' language.","The automatic renewal is subject to specific annual approvals by the Fund's Board of Trustees and a majority of independent trustees. This provides the signing party (the Fund) with a clear and regular mechanism to review and terminate the agreement, ensuring it remains in their best interest. This structure is common for agreements involving regulated entities like funds, offering protection to the fund and its investors.",LOW,Vishal,Gemini logic looks more convincing
5213,MR-186,NEOMEDIATECHNOLOGIESINC_12_15_2005-EX-16.1-DISTRIBUTOR AGREEMENT__Renewal Term,NEOMEDIATECHNOLOGIESINC_12_15_2005-EX-16.1-DISTRIBUTOR AGREEMENT,Renewal Term,"In the event that there is no written notice issued by either party to          show the intention to renew this Agreement in the said thirty(30) days          before the expiry of the current Term of the Agreement, the Agreement          shall terminate at the end of the said thirty(30) days.",MANUAL_REVIEW,LOW↔HIGH,Qwen↑,2,typically MEDIUM — auto-renewal terms matter,MEDIUM (53%),HIGH,LOW,Medium,0,1,"The clause creates a mandatory opt-out mechanism where silence results in termination, effectively eliminating any automatic renewal. This places the entire burden on the signing party to proactively initiate renewal within a strict 30-day window, creating a high risk of unintended contract expiration and loss of service or rights if the notice is missed or delayed.","This clause establishes a mutual obligation for either party to provide notice if they wish to renew, otherwise the agreement terminates. This is a standard and balanced approach to contract renewal, providing clarity and avoiding automatic, potentially unwanted, extensions for the signing party.",LOW,Vishal,Gemini logic looks more convincing
5214,MR-187,StaarSurgicalCompany_20180801_10-Q_EX-10.37_11289449_EX-10.37_Distributor Agreement__Renewal Term,StaarSurgicalCompany_20180801_10-Q_EX-10.37_11289449_EX-10.37_Distributor Agreement,Renewal Term,"The term of this Agreement shall commence on the Effective Date and terminate in _____________, on _____________, unless terminated earlier pursuant to the terms of this Agreement; provided, however, that this Agreement may be renewed for successive one (1) year periods if STAAR and Distributor expressly agree in writing and in their sole discretion to renew this Agreement prior to the foregoing termination date or any successive renewal term.",MANUAL_REVIEW,LOW↔HIGH,Qwen↑,2,typically MEDIUM — auto-renewal terms matter,MEDIUM (53%),HIGH,LOW,Medium,0.95,0.9,"The clause grants the drafter (STAAR) unilateral discretion to deny renewal, leaving the signing party with no guaranteed right to extend the term and no recourse if the drafter refuses to agree in writing.","The clause requires mutual written agreement and sole discretion from both parties for renewal, which is a standard and balanced approach. It prevents automatic renewal, which can be a risk for the signing party, and ensures both parties have control over extending the agreement.",LOW,Vishal,Gemini logic looks more convincing
